{
    "unemployed":"İşsiz",
    "police":"Polis",
    "ambulance":"Doktor",
    "mechanic":"Mekanik",
    "mechanic1":"Mekanik",
    "mechanic2":"Mekanik",
    "mechanic3":"Mekanik",
    "mecano":"Mekanik",
    "fbi":"FBI",
    "fib":"FBI",
    "grove":"Grove",
    "ballas":"Ballas",
    "vagos":"Vagos",
    "realestateagent":"Emlakçı",
    "cardealer":"Galerici",
    "fisherman":"Balıkçı",
    "lumberjack":"Oduncu",
    "miner":"Madenci",
    "reporter":"Gazeteci",
    "tailor":"Terzi",
    "slaughterer":"Kasap"
}

